lpa_name,hex_count,mean_value_score,max_value_score,mean_accessibility
Hertsmere LPA,149,94.71181208053692,98.64,100.0
Broxbourne LPA,79,94.5059493670886,98.6,99.2319918928482
Brentwood LPA,237,93.48607594936709,98.68,98.97598919046426
Watford LPA,34,92.99441176470589,98.15,97.77856745653055
Enfield LPA,130,92.05838461538461,98.58,100.0
Barnet LPA,134,91.93955223880597,98.55,100.0
Waltham Forest LPA,59,91.85372881355931,98.5,99.27770443341088
Redbridge LPA,86,91.14197674418605,98.28,100.0
Harrow LPA,109,89.1648623853211,98.6,100.0
Basildon LPA,169,88.46360946745563,98.54,95.51489878383703
Havering LPA,188,88.43228723404256,98.48,92.22434770161412
Welwyn Hatfield LPA,199,87.14768844221105,98.63,92.35959947282817
Barking and Dagenham LPA,54,86.52481481481482,97.08,89.97378167286321
Tendring LPA,545,84.13856880733944,98.78,83.47152186667346
Thurrock LPA,258,82.92236434108527,98.68,82.22247298417547
Colchester LPA,519,81.91751445086706,98.58,79.85993989409683
Southend-on-Sea LPA,70,81.70957142857144,98.24,72.15575938863724
Chesterfield LPA,101,80.31930693069307,85.4,71.4436135348649
Brent LPA,62,79.88000000000001,89.19,100.0
Maldon LPA,584,78.70010273972603,98.65,74.1258909839234
Epping Forest LPA,515,77.80574757281553,98.56,73.37472476681894
Three Rivers LPA,133,75.63834586466164,98.46,64.12172777640195
St Albans LPA,247,75.25,98.7,64.97660877988453
Chelmsford LPA,517,75.0404835589942,98.6,68.95140139800942
Barnsley LPA,455,74.94206593406594,85.51,65.74538308805697
Castle Point LPA,73,74.43958904109589,98.44,65.88338859642766
Wakefield LPA,528,74.34045454545455,85.49,63.32959098593402
Rotherham LPA,445,72.09155056179776,85.46,56.20167112121242
Ealing LPA,82,71.9179268292683,86.42,99.53945910684169
Redditch LPA,83,71.19385542168675,78.81,54.7196250526647
Windsor and Maidenhead LPA,312,71.11487179487179,79.78,57.810616257303536
Rochford LPA,291,70.85910652920963,98.6,56.45398438268646
Leeds LPA,859,70.76393480791619,85.51,55.36476362992589
Bromsgrove LPA,333,70.73702702702703,78.88,55.82096519293376
Slough LPA,47,70.62106382978723,75.94,62.235646761019325
Solihull LPA,278,70.5186690647482,78.69,60.35358577653555
Haringey LPA,48,70.00645833333333,77.0,57.38456157124195
Hillingdon LPA,180,69.85283333333334,98.18,66.22188404735617
Coventry LPA,156,69.59685897435898,78.53,58.43302630551778
Sheffield LPA,356,69.53044943820225,85.48,54.971682857156964
East Hertfordshire LPA,739,68.88968876860623,98.64,51.72461083434988
Reading LPA,63,68.72412698412698,77.51,56.64913167429676
Broxtowe LPA,128,68.598984375,85.4,51.12218208154811
Spelthorne LPA,83,68.32855421686747,76.49,62.23564676101933
Wokingham LPA,274,68.16799270072993,79.61,51.16449554826851
Erewash LPA,164,67.58969512195121,85.29,53.56471424601976
Old Oak and Park Royal Development Corporation LPA,11,66.84,72.7,92.25173846749853
Lambeth LPA,40,66.837,75.83,57.38456157124195
Lewisham LPA,56,66.81482142857143,77.13,57.17873763306729
Warwick LPA,436,66.51162844036698,78.82,47.00866720090781
North East Derbyshire LPA,393,66.26427480916031,85.5,45.84707240753607
Islington LPA,24,66.06375,74.2,57.38456157124195
Nuneaton and Bedworth LPA,124,66.03072580645161,78.63,49.24953924186038
North Warwickshire LPA,439,66.0297722095672,78.87,46.621750388359125
Dacorum LPA,323,65.75430340557276,72.47,47.24453167172537
Camden LPA,35,65.72428571428571,74.09,57.38456157124195
Ebbsfleet Development Corporation LPA,14,65.58857142857143,69.34,43.133642051304996
Luton LPA,66,65.55772727272728,72.27,47.57104465837259
Bolsover LPA,246,65.33821138211383,85.41,47.2621681690008
Southwark LPA,52,64.95384615384616,76.32,56.05462227842111
London Legacy Development Corporation LPA,8,64.86625000000001,67.61,57.38456157124195
Stevenage LPA,40,64.77799999999999,72.47,38.941370454836935
Dartford LPA,109,64.32293577981652,69.93,41.63162429510837
Walsall LPA,158,64.31829113924051,73.14,49.26195009499941
Dudley LPA,151,64.3074834437086,78.19,47.06297621720091
Bexley LPA,96,63.81666666666666,71.49,42.644564878197194
Thanet LPA,177,63.536214689265535,70.46,41.634257338957966
Runnymede LPA,118,63.45737288135594,79.68,45.16935505600856
Kirklees LPA,564,63.00537234042553,85.4,45.272721064054856
Birmingham LPA,409,62.88924205378973,78.6,57.88576463467788
Hackney LPA,26,62.79153846153846,67.6,57.38456157124195
Harlow LPA,48,62.66083333333333,67.89,39.327359535007766
Milton Keynes LPA,499,62.35947895791583,70.17,40.68845376627388
Central Bedfordshire LPA,1109,62.19407574391343,72.41,38.8387958232019
Newham LPA,54,62.14333333333333,91.65,52.410666088069355
Braintree LPA,956,62.01137029288703,95.67,39.64468506045228
Tamworth LPA,46,61.873913043478254,78.59,36.45616408618329
Bedford LPA,735,61.795374149659864,70.19,38.14117938105633
Babergh LPA,926,61.761479481641466,68.35,37.25381736220768
Manchester LPA,182,61.46879120879121,68.79,40.34971123144641
Uttlesford LPA,992,61.35751008064516,68.34,37.71680306110691
Bromley LPA,249,61.28120481927711,69.66,38.160146535331975
South Staffordshire LPA,627,61.17039872408293,73.3,38.10283239831803
Elmbridge LPA,144,60.897083333333335,74.01,41.77464712016739
Portsmouth LPA,67,60.79955223880597,64.31,29.703214142517748
North Hertfordshire LPA,579,60.67381692573402,97.58,36.894936567195764
Telford and Wrekin LPA,440,60.461363636363636,67.13,35.11073565649482
Worthing LPA,36,60.35138888888889,64.67,28.590297639127698
Woking LPA,98,60.34642857142857,67.99,38.779938133530955
Gosport LPA,48,60.297291666666666,64.48,29.984978831273576
Dover LPA,507,60.19021696252465,70.38,34.426789912947946
Greenwich LPA,109,60.18174311926606,70.97,52.24504661899868
Bracknell Forest LPA,169,60.09934911242603,79.61,51.012334794837074
Gravesham LPA,156,59.933846153846154,71.39,37.9563403434798
Trafford LPA,167,59.86089820359282,68.99,35.92182631336155
Buckinghamshire LPA,2419,59.80136833402233,79.79,41.069987709069245
Lichfield LPA,507,59.76516765285996,73.25,35.12883429493467
Cheshire East LPA,1658,59.75285283474065,67.42,35.58964546834135
Huntingdonshire LPA,1410,59.741347517730496,70.18,38.487971531709135
Gloucester LPA,66,59.58227272727272,64.99,32.846601065872
Epsom and Ewell LPA,54,59.37296296296296,67.25,35.68039138505672
Ashfield LPA,167,59.239640718562875,85.45,37.184751778710435
Wychavon LPA,1017,59.1312389380531,78.47,33.73742566130563
Sutton LPA,68,59.01764705882353,67.16,36.93165225261755
Adur LPA,32,59.006875,64.91,27.29428187270255
Newcastle-under-Lyme LPA,330,58.89769696969697,67.34,30.744002704794173
Salford LPA,152,58.829013157894735,68.73,34.45085834814478
Arun LPA,186,58.75048387096774,64.78,29.752970145642262
Canterbury LPA,483,58.71973084886129,71.32,38.062095167515345
Worcester LPA,50,58.6046,64.53,32.846601065872
Hounslow LPA,99,58.408484848484854,72.97,83.59730111842254
Knowsley LPA,133,58.40593984962406,63.58,29.088321709326145
South Oxfordshire LPA,1039,58.37129932627526,74.0,36.29027182693835
Nottingham LPA,112,58.24535714285714,81.11,38.10334820829963
Cannock Chase LPA,120,58.194833333333335,73.28,48.454275259927634
Cheltenham LPA,69,58.157101449275366,64.84,31.55418875467265
Mansfield LPA,114,57.96385964912281,64.14,30.317531061183832
Stratford-on-Avon LPA,1504,57.894714095744675,78.85,32.28011576024308
St. Helens LPA,209,57.786985645933015,63.48,28.99971033992606
Tewkesbury LPA,645,57.7571007751938,65.06,30.49621402550481
Wigan LPA,284,57.73922535211267,63.59,29.810235864033952
Sandwell LPA,134,57.658507462686565,72.6,50.25523090230116
Croydon LPA,140,57.61328571428571,66.22,34.7476064657506
Stockport LPA,191,57.57183246073298,67.79,35.490773396503805
Wolverhampton LPA,112,57.450625,67.43,40.21713205426937
Halton LPA,146,57.16465753424657,67.24,29.159559934039034
Swale LPA,608,57.1546875,72.08,41.272512082801555
Ipswich LPA,62,57.13,68.03,32.65391986094021
Amber Valley LPA,413,57.096876513317184,84.94,32.415244352351294
Kingston upon Thames LPA,57,57.021929824561404,67.27,47.937930463117524
Oxford LPA,72,56.98986111111112,64.12,26.321974496495383
Blackpool LPA,58,56.97810344827586,62.3,25.598596998719803
"Bristol, City of LPA",181,56.95469613259668,65.01,29.11052135896166
Wyre Forest LPA,305,56.93747540983607,78.7,32.437795171639465
Bury LPA,155,56.936129032258066,69.01,31.41913568056459
Liverpool LPA,177,56.887231638418086,64.27,29.79620752696116
Fareham LPA,110,56.861636363636364,63.84,27.92553510618554
South Tyneside LPA,109,56.82871559633028,62.44,26.482449400400363
Stafford LPA,930,56.62397849462366,73.15,32.955569130345495
Rushmoor LPA,58,56.60810344827586,67.98,38.75292513615541
West Berkshire LPA,1116,56.591953405017925,79.32,28.691612340815798
Medway LPA,328,56.5797256097561,72.66,40.08737870872403
Reigate and Banstead LPA,199,56.52140703517588,64.48,27.574655182293178
Middlesbrough LPA,87,56.441954022988504,60.19,23.63107048618637
Cheshire West and Chester LPA,1445,55.95892041522491,67.42,31.213898340686306
Bolton LPA,210,55.90957142857143,64.68,30.144492608971774
Chichester LPA,384,55.895130208333335,64.37,27.027678901256447
Basingstoke and Deane LPA,963,55.83429906542056,68.05,26.88749525538186
Warrington LPA,279,55.82960573476702,63.23,29.059923536422122
Wirral LPA,258,55.8241472868217,63.96,25.011058194925003
Maidstone LPA,606,55.80087458745875,66.58,26.882226105754892
Bath and North East Somerset LPA,532,55.789906015037594,62.92,25.71287679291195
Sevenoaks LPA,569,55.563673110720565,69.53,27.681383639776026
Westminster LPA,32,55.56125,62.5,55.700487343612565
West Oxfordshire LPA,1104,55.31501811594203,64.12,25.62210724051875
Tandridge LPA,385,55.25272727272727,64.46,25.230566632219055
Sunderland LPA,220,55.186727272727275,62.48,25.360683104385714
Stroud LPA,739,55.11230040595399,66.3,27.468450737942437
Southampton LPA,84,54.97559523809524,58.63,20.084190232080807
Eastleigh LPA,122,54.944754098360654,62.94,21.551669314946544
City of London LPA,6,54.92166666666666,55.91,57.38456157124195
Tonbridge and Malling LPA,367,54.89209809264305,64.5,27.07817712687509
Hartlepool LPA,153,54.79359477124183,60.48,23.74698471288113
Tower Hamlets LPA,29,54.66206896551724,63.0,53.41003035131758
Wandsworth LPA,55,54.629636363636365,65.63,57.38456157124195
Hart LPA,332,54.62810240963855,68.07,35.37051405896259
Gedling LPA,184,54.51592391304348,63.98,26.662132749405483
Havant LPA,95,54.50442105263158,64.56,26.008569156664844
South Cambridgeshire LPA,1406,54.44581792318635,70.12,33.169356833429205
Swindon LPA,352,54.3140625,64.03,24.48236253281044
South Gloucestershire LPA,781,54.29729833546735,65.09,28.027394488339826
Oldham LPA,166,54.25409638554217,68.87,29.299323540553054
Ashford LPA,897,53.935875139353406,69.49,23.54397785638379
Newcastle upon Tyne LPA,171,53.87309941520468,62.44,21.817249370526437
Bradford LPA,558,53.85820788530466,85.47,35.23196302917198
Cotswold LPA,1790,53.83705586592179,65.02,23.931532854736144
Doncaster LPA,863,53.727844727694084,84.59,25.73399387592836
Shropshire LPA,5074,53.72529365392196,68.32,24.976556509515323
West Lancashire LPA,541,53.658595194085024,63.49,25.904112398993544
South Ribble LPA,181,53.54082872928176,61.37,24.033894928007637
Malvern Hills LPA,898,53.47856347438753,65.11,22.087255454830874
Stockton-on-Tees LPA,317,53.43422712933754,60.5,23.49440596424378
Tameside LPA,160,53.2563125,67.69,29.58714171831207
Gateshead LPA,226,53.188849557522126,62.64,22.614280232980494
Horsham LPA,668,53.10700598802396,63.24,21.29707249338004
Crawley LPA,70,53.01414285714285,59.04,20.531749716436668
Stoke-on-Trent LPA,145,52.867999999999995,58.8,20.231865154525185
Plymouth LPA,127,52.82141732283464,58.64,19.75656812444987
Cambridge LPA,60,52.778666666666666,61.8,40.3461455182442
Bassetlaw LPA,996,52.72760040160643,63.99,24.354997094037916
Torbay LPA,111,52.66153153153154,58.67,19.44006891803302
South Hams LPA,1151,52.609470026064294,59.64,19.475592551753337
Lewes LPA,197,52.52766497461929,59.01,20.701599489684707
Brighton and Hove LPA,69,52.508840579710146,63.06,20.011428278245305
Hastings LPA,46,52.442608695652176,59.4,19.518420328045035
Eastbourne LPA,43,52.41558139534884,59.17,13.827163810992955
Vale of White Horse LPA,902,52.38814855875832,64.19,25.136839929808286
Winchester LPA,603,52.34524046434494,61.93,20.83797171533404
Richmond upon Thames LPA,92,52.32489130434783,72.8,64.18259888944702
North Tyneside LPA,136,52.23860294117647,62.18,19.70397764655482
North Somerset LPA,600,52.214933333333335,65.08,21.98784846664627
Darlington LPA,310,51.95767741935484,60.45,23.2603560209207
Peterborough LPA,521,51.74786948176583,70.1,23.90858901226161
East Staffordshire LPA,607,51.739209225700165,59.18,17.699529288818628
Guildford LPA,410,51.652682926829264,68.05,34.497919433963354
Staffordshire Moorlands LPA,562,51.64427046263346,58.8,18.22883726204621
Folkestone and Hythe LPA,557,51.55341113105925,64.46,21.882930770488276
Somerset LPA,4605,51.481181324647125,62.9,21.090695772533923
West Suffolk LPA,1599,51.444177611006886,68.35,23.535396568143902
East Hampshire LPA,353,51.42583569405099,63.38,23.97298295328156
Merton LPA,59,51.417966101694915,60.51,46.1652691935922
Kensington and Chelsea LPA,20,51.4135,55.77,57.38456157124195
Lincoln LPA,54,51.39925925925926,58.58,17.10453766972143
East Riding of Yorkshire LPA,3872,51.363677685950414,59.96,20.32295124329671
Fylde LPA,259,51.31764478764479,61.49,25.519126991267036
Dorset LPA,3887,51.30139696423977,60.02,21.26885507372246
East Suffolk LPA,2015,51.07742928039703,63.41,21.13596851044218
Mole Valley LPA,395,51.051493670886074,67.39,26.710131722414644
Test Valley LPA,988,50.98742914979757,59.16,18.547791923053065
North Northamptonshire LPA,1526,50.926402359108785,69.71,19.101402931368778
North Yorkshire LPA,7968,50.750604919678715,64.11,24.119602430712312
Derby LPA,124,50.549677419354836,80.28,25.61653398747498
Newark and Sherwood LPA,1006,50.47090457256461,63.67,22.41730578757134
Cherwell LPA,901,50.422452830188675,69.98,24.580049319918643
Wiltshire LPA,5007,50.22798082684242,67.87,21.873740311850806
Tunbridge Wells LPA,513,50.123606237816766,58.74,19.62223809486565
Hinckley and Bosworth LPA,451,50.11215077605322,60.54,16.813291517578033
Mid Suffolk LPA,1333,50.03948237059265,68.33,19.718744131494525
North East Lincolnshire LPA,299,49.965752508361206,56.03,11.75878231266457
Redcar and Cleveland LPA,307,49.88537459283388,61.47,15.490049946013318
York LPA,419,49.7709785202864,56.91,16.64808966325973
Hammersmith and Fulham LPA,69,49.74333333333333,52.97,57.38456157124195
North Lincolnshire LPA,1326,49.74182503770739,59.48,16.30203598501222
Surrey Heath LPA,147,49.71326530612245,68.02,38.81910697972549
Hyndburn LPA,114,49.65815789473684,60.76,21.036387464466404
South Derbyshire LPA,525,49.61394285714286,60.14,14.976440388270564
South Downs National Park LPA,2556,49.473665884194055,63.65,22.6047692043233
East Cambridgeshire LPA,1050,49.463504761904765,68.27,23.22363243324107
Cornwall LPA,5675,49.432500440528635,58.55,17.495571147456108
Preston LPA,216,49.35097222222222,61.21,16.862019234343233
"Kingston upon Hull, City of LPA",108,49.247499999999995,56.62,15.798388147052695
Rother LPA,800,49.1862125,59.56,18.51570263839484
West Devon LPA,961,49.11904266389178,58.95,12.96596932587092
Chorley LPA,311,49.02546623794212,63.45,23.13555086430006
"Bournemouth, Christchurch and Poole LPA",260,48.95538461538462,58.26,16.83985641331408
Great Yarmouth LPA,232,48.944913793103446,61.91,13.259788628351536
Derbyshire Dales LPA,517,48.84558994197292,57.01,14.833009834981556
Exeter LPA,73,48.54506849315069,55.06,12.806636057644145
Sefton LPA,258,48.53670542635658,63.85,23.22784343562057
Rugby LPA,545,48.42517431192661,60.28,22.42801670882491
South Norfolk LPA,1294,48.40444358578053,55.4,12.467622310945252
Wyre LPA,449,48.370089086859686,62.27,19.568957379475368
Wealden LPA,1188,48.356944444444444,59.02,19.06128753864105
Mid Sussex LPA,466,48.22281115879829,58.91,19.837214131098033
Rochdale LPA,245,48.22208163265306,64.72,28.601470011569507
New Forest LPA,369,48.213306233062326,58.84,13.99537181426727
Mid Devon LPA,1396,48.17512893982808,55.12,10.890121900475984
High Peak LPA,195,47.873384615384616,64.34,12.867937119613487
Teignbridge LPA,661,47.816505295007566,58.63,14.378722308199778
East Devon LPA,1254,47.63443381180223,55.83,11.280785063459541
Rutland LPA,622,47.354742765273315,57.6,9.331844645975105
Norwich LPA,61,47.308524590163934,52.83,8.425270537107158
North Devon LPA,1415,47.24672791519434,53.91,8.53217513427145
Torridge LPA,1547,46.9015578539108,53.88,10.313850881300372
South Kesteven LPA,1488,46.82525537634408,58.68,14.292113052114011
North West Leicestershire LPA,437,46.71604118993135,56.15,9.365852625899235
Broadland LPA,735,46.7145306122449,52.85,8.363616500424046
West Northamptonshire LPA,2120,46.62442452830189,69.98,20.299786579169616
Charnwood LPA,432,46.48141203703704,60.05,11.767915794915835
North Kesteven LPA,1440,46.37640972222222,59.78,14.823946284058621
Pendle LPA,265,46.37049056603774,60.85,20.01099366697692
"Herefordshire, County of LPA",3413,46.18655728098447,54.36,9.19927587263188
Waverley LPA,537,45.7528677839851,67.28,26.034987813302386
North Norfolk LPA,1455,45.68920962199313,54.08,8.03964754001425
King0s Lynn and West Norfolk LPA,2248,45.42890569395018,59.78,15.00453614415154
Flintshire LPA,6,45.32666666666666,59.18,9.730065288041798
West Lindsey LPA,1801,45.30215435868961,59.36,11.937570625707863
Rushcliffe LPA,631,45.22717908082409,59.29,16.32408892351194
Forest of Dean LPA,852,44.421584507042255,66.33,17.4305685103047
Melton LPA,746,44.170804289544236,58.53,10.280274882937105
East Lindsey LPA,2759,44.00444001449801,59.65,11.514197923652063
Blaby LPA,200,43.8862,60.42,23.739170631145882
Fenland LPA,836,43.75254784688995,64.62,22.27937486050637
Isle of Wight LPA,626,43.450287539936106,52.02,4.272652431031751
Boston LPA,573,43.35828970331588,59.7,22.079088193426458
Breckland LPA,2015,42.89103722084367,55.76,10.226542914579479
The Broads Authority LPA,470,42.87674468085106,54.84,8.422034921431578
Blackburn with Darwen LPA,210,42.7077619047619,61.0,23.077320238993217
Harborough LPA,913,42.54539978094195,59.79,15.925590333029676
Wrexham LPA,25,42.3512,62.91,6.8631884788206206
Cumberland LPA,3128,41.83935741687979,55.96,13.072794373757192
Leicester LPA,108,41.28592592592593,52.98,22.250912636637242
Calderdale LPA,562,40.96724199288256,68.37,27.898328238642726
Burnley LPA,172,40.5378488372093,60.98,22.668465711877012
Northumberland LPA,6219,40.39029104357614,62.47,16.070266515598746
County Durham LPA,3478,40.01518113858539,62.6,21.63180031197707
Rossendale LPA,220,39.44636363636364,60.99,24.733317593404198
Powys LPA,53,39.16509433962264,64.97,3.951914756401745
Lancaster LPA,859,36.87062863795111,61.42,8.78826665371465
Ribble Valley LPA,899,36.559510567296996,58.61,7.951922691335554
Westmorland and Furness LPA,2949,35.994730417090544,55.27,10.66231912018499
Isles of Scilly LPA,37,34.55594594594594,48.83,0.03409471347884135
South Holland LPA,1186,34.1566779089376,59.57,22.028859837775546
Dumfries and Galloway LPA,11,33.75454545454546,51.81,1.622296931706675
Exmoor National Park LPA,1098,32.63683970856102,52.04,6.730243000232717
Monmouthshire LPA,17,31.297058823529408,55.75,1.7126190705359905
Oadby and Wigston LPA,36,30.36527777777778,37.86,22.9986745462648
Peak District National Park LPA,2205,29.957732426303856,68.27,9.530624346495747
North York Moors National Park LPA,2236,27.164235241502684,60.38,9.175576910797378
New Forest National Park LPA,855,25.31566081871345,56.09,13.6553635109192
Dartmoor National Park LPA,1478,24.48790933694181,58.59,8.68726380178187
Brecon Beacons National Park LPA,8,23.75375,47.44,0.5357665083247881
Lake District National Park LPA,3635,19.592467675378266,53.33,6.937070981942123
Yorkshire Dales National Park LPA,3377,18.445623334320402,52.97,8.597639740247239
Scottish Borders LPA,48,13.536666666666667,48.67,0.28012604317085066
Northumberland National Park LPA,1654,10.906771463119709,52.56,7.795833514725212
